cc_num|acct_num|trans_num|unix_time|category|amt|is_fraud|merchant|merch_lat|merch_long
3536881013827217|589419928804|c31c6e90cf191756db56d617fcceebeb|1648217767|grocery_pos|55.66|0|Hart, Avila and Johns|35.037296|-92.833021
3536881013827217|589419928804|126e88be5b03ddf484d89b78756c2cc7|1641689364|gas_transport|54.25|0|Hopkins-Bradley|35.363728|-92.534079
3536881013827217|589419928804|21712361deb77da6fbd08486ce1f1722|1657217626|shopping_pos|82.38|0|Butler, Parker and Gilbert|34.698186|-92.493184
3536881013827217|589419928804|0c4403834584258a8741080e3038f9af|1650644329|grocery_pos|42.5|0|Ortiz, Malone and Barnes|36.272352|-93.227659
3536881013827217|589419928804|2856a9a7e1cfbed037d50a238c766dba|1648651442|grocery_pos|51.89|0|Kim Group|35.033026|-92.044381
3536881013827217|589419928804|c8a321d958a056dfcfc09bb04c6f9e13|1649372628|grocery_pos|38.88|0|Kim PLC|34.655454|-91.669734
3536881013827217|589419928804|68e158c4a5903200d4568cd1e0875b8d|1647625644|grocery_net|64.86|0|Gray, Armstrong and Archer|34.501441|-91.912262
3536881013827217|589419928804|4b75c89470ac5349b55327431e33ee7f|1643933064|gas_transport|57.42|0|Hood-Lane|34.875227|-92.1459
3536881013827217|589419928804|3cc07b733d48230d0a99a9dc82a994b6|1650656146|grocery_pos|74.02|0|Thomas-Price|35.083032|-93.489267
3536881013827217|589419928804|4f0ee13b1baf7c125c522a6d4b307dca|1658086569|shopping_pos|61.24|0|Russell, Monroe and Parker|35.302444|-93.264051
3536881013827217|589419928804|d892ef0d1785a58bd31456df99c2f59b|1646417332|gas_transport|77.3|0|Williams-Osborne|35.774764|-93.359808
3536881013827217|589419928804|cc4956c19b5a6ebe99256c2c5c06073a|1651772363|misc_net|55.87|0|Cooper and Sons|34.876172|-93.187947
3536881013827217|589419928804|77dd74380e6156a0090f631b5306d037|1652392226|misc_net|43.87|0|Guerrero LLC|34.607096|-91.716385
3536881013827217|589419928804|d5e252e7a6551fe36da2b643b205ae69|1646242916|gas_transport|75.64|0|Chen-Smith|34.858708|-93.45121
3536881013827217|589419928804|d5314d3bf964dfecd0a5b43bdb12c9f2|1656622447|shopping_pos|89.36|0|Hebert-Wilson|35.438143|-92.875877
3536881013827217|589419928804|75198bdd69f7ffb1df6be9a36fb7a106|1642100503|gas_transport|30.54|0|Blackburn, Owen and Morris|34.492259|-92.910482
3536881013827217|589419928804|55a99956d51675f65fd3130428321774|1652553772|misc_net|48.95|0|Richardson-Kerr|34.47091|-92.853975
3536881013827217|589419928804|ceb43f0fffbcd04c42790e77d0ba41de|1644885013|gas_transport|85.78|0|Scott, Anderson and Allison|34.41281|-92.787078
3536881013827217|589419928804|7a69a57c3cc0e6ff3f3c61df21d27e75|1655568438|shopping_net|67.02|0|Gutierrez-Stewart|34.944429|-93.417718
3536881013827217|589419928804|9d4a975b755c099c1c299dc4c6fafca7|1644699212|gas_transport|55.47|0|Cervantes, Copeland and Cox|35.924922|-93.263436
3536881013827217|589419928804|050fea884ea8c4fb2f2c16b431e5ad2f|1642080969|gas_transport|57.73|0|Ramirez, Jackson and Mills|35.097527|-91.95105
3536881013827217|589419928804|90a8c3a82b10d72202c8e19bd61a069f|1647725738|grocery_net|52.22|0|Wade, Taylor and Park|34.934998|-92.532974
3536881013827217|589419928804|1e954c44806f7f893f7abcbf6c1c2c03|1654907340|shopping_net|60.42|0|Aguilar, Barrera and Rojas|35.94443|-93.313709
3536881013827217|589419928804|55434e7210d9f9dc5721366828b522c6|1648589082|grocery_pos|64.81|0|Rodriguez-Ortiz|35.420619|-92.818336
3536881013827217|589419928804|55f938ec86a7ab238e2409c970438722|1647022005|gas_transport|74.4|0|Kelley, Stanley and Moody|34.70748|-91.66287
3536881013827217|589419928804|1daff9057c1ce69f880e0f2853fef47e|1653697372|misc_pos|37.87|0|Reed-Brown|36.132656|-92.262315
3536881013827217|589419928804|5f01530952cdb52ee8882b53c93d2687|1644082228|gas_transport|26.5|0|Barnes, Schmidt and Yoder|36.190255|-92.052923
3536881013827217|589419928804|d4bf4cee015ff60ec1c420e651435b9e|1649020352|grocery_pos|82.98|0|Torres-Gibson|35.874494|-91.618689
3536881013827217|589419928804|9f692cf6184cbf03bd686ec967985e87|1652058755|misc_net|44.99|0|Fuentes PLC|35.983408|-92.942871
3536881013827217|589419928804|63433f604fdc794f4ae9723d4cbc0922|1655681810|shopping_net|51.5|0|Bates-Camacho|35.78777|-92.904631
3536881013827217|589419928804|cb0dcd6634e808faa404d7e590821a40|1652830529|misc_net|53.75|0|Summers-Taylor|35.229183|-92.384266
3536881013827217|589419928804|1f22f953606744cfa1a7de12a78a0d38|1646501469|gas_transport|49.6|0|Carlson, Mccormick and Madden|35.930766|-92.9881
3536881013827217|589419928804|1b5d371a295e232b0e91b40266fabbf6|1653094467|misc_net|42.21|0|Ford LLC|35.803606|-91.75638
3536881013827217|589419928804|f70ad1e32f9fd7455711a62ec199bdbd|1657240127|shopping_pos|69.38|0|Rodriguez, Stewart and Kennedy|34.722141|-91.559426
3536881013827217|589419928804|755330aa9a25e5b13a9dd3094e0a1698|1651934486|misc_net|54.63|0|Smith-Robinson|35.290893|-92.326097
3536881013827217|589419928804|c0507142b75b12b56a235717b07699c8|1652209834|misc_net|52.16|0|Matthews Ltd|36.13306|-93.230685
3536881013827217|589419928804|650e989d4bbbd68c13a17d7fcd97a34a|1654387567|shopping_net|42.42|0|Hess, Brown and Carson|35.331485|-91.552448
3536881013827217|589419928804|7ae55fd35133147074c7d6d4ca1f7942|1641823766|gas_transport|44.23|0|Rivas Group|36.208441|-91.909385
3536881013827217|589419928804|4ba919743830262611b22be162ea1cd9|1658153181|shopping_pos|44.24|0|Huffman, Mooney and Patton|36.084319|-92.665472
3536881013827217|589419928804|08554dc9261ca31842a654bb8839e305|1650322488|grocery_pos|32.37|0|Davidson-Marshall|36.190778|-93.260144
3536881013827217|589419928804|3086cb50c131c0be0b257c68e8ba2d27|1655400160|shopping_net|84.19|0|Sparks and Sons|35.835819|-92.89461
3536881013827217|589419928804|f8b71624207825b69434c6d704513ef1|1652536871|misc_net|54.73|0|Perez-Romero|36.078106|-92.92067
3536881013827217|589419928804|3adf9bbadb48116cae9653eea0ea59b1|1653600738|misc_pos|85.57|0|Gomez-Carroll|35.324134|-92.560863
3536881013827217|589419928804|0e40effdd3755df6115b40dbe41f3742|1646957178|gas_transport|84.1|0|Roberts, Moody and Barron|35.81223|-91.646244
3536881013827217|589419928804|cf4fa0e44b8319b482aeba75a702fffc|1647303099|gas_transport|31.91|0|Lambert-Medina|35.212453|-92.264539
3536881013827217|589419928804|e485514e81253a2a720976ae63c288f1|1654715654|shopping_net|32.61|0|Vasquez LLC|34.283802|-92.356877
3536881013827217|589419928804|4a5de33c3089e9c1471bd3833b5a07c6|1654718167|shopping_net|62.63|0|Miller, Cervantes and Spencer|34.372192|-92.978071
3536881013827217|589419928804|50ee54d3c878bedee32f3d1fd156ded5|1657816522|shopping_pos|140.44|0|Cardenas-Cooper|35.569952|-92.034835
3536881013827217|589419928804|cc65c586bd2d3de19d99ada93150c531|1651170235|misc_net|114.68|0|Aguilar Inc|35.820734|-93.528162
3536881013827217|589419928804|9df7a32dd7a994f999473ee67bf22e98|1656347949|shopping_net|110.12|0|Garcia-Moss|35.502587|-92.496818
3536881013827217|589419928804|54bed072834cf3198f9e244e081adadc|1643318127|gas_transport|103.4|0|Gomez, Gould and Gibson|35.400431|-93.170117
3536881013827217|589419928804|46ce3586290bec0db64eaa76b48f2e6c|1644339026|gas_transport|113.78|0|Bennett-Owens|34.406306|-91.76809
3536881013827217|589419928804|5c5edd82999e2ad163ef78586662efed|1642033973|gas_transport|119.77|0|Durham, Wood and Contreras|35.513743|-91.912858
3536881013827217|589419928804|46bfe1f09b0f716b13b369234ee59754|1653342439|misc_pos|144.78|0|Hammond and Sons|36.038478|-92.281324
3536881013827217|589419928804|e619a9c33a9ccf1deaf234aea139a742|1642624172|gas_transport|148.07|0|Thomas-Hartman|36.125448|-93.354793
3536881013827217|589419928804|5e4308db591f9a7f34524ed20f654d2c|1641666623|gas_transport|157.9|0|Welch, Pham and Daniels|36.008278|-92.105303
3536881013827217|589419928804|2ef2c8d8c56372b5d418f09ee48d181f|1651607786|misc_net|113.46|0|Lewis LLC|36.101743|-93.111436
3536881013827217|589419928804|32a50c0b61f0e391eab3d0038c6b66b7|1654985873|shopping_net|143.86|0|Bernard, Thomas and Schneider|36.011236|-91.563761
3536881013827217|589419928804|37937a54ab8a7b1d5a04a8fd3050713e|1647712668|grocery_pos|165.49|0|Wong Ltd|34.579059|-93.453901
3536881013827217|589419928804|3f0062b478d31fcee9e123070801ca41|1650395590|grocery_pos|116.06|0|Johnson, Taylor and Martin|35.894257|-93.49064
3536881013827217|589419928804|4a7fa82188619fbbb8f9a796e0884196|1656795967|shopping_pos|138.28|0|Pollard-Olsen|34.525486|-93.279216
3536881013827217|589419928804|90f6c1e932ec654786171548782f967a|1657153511|shopping_pos|103.2|0|Brennan, Horne and Petersen|35.864833|-91.63662
3536881013827217|589419928804|ffefbe5e21a10e29507d6a292e34a33c|1649432037|grocery_pos|143.38|0|Thompson PLC|34.951775|-92.148166
3536881013827217|589419928804|f1ecb9d881814ec73bbe21753c342e72|1647379135|gas_transport|146.95|0|Wells, Hatfield and Smith|34.733272|-93.319326
3536881013827217|589419928804|6ae975794c276d48fd80aba7207ab85a|1653408085|misc_pos|128.61|0|Watkins, Ellis and Simmons|34.499315|-93.107634
3536881013827217|589419928804|22e936b58a8e020083870642c5a421b7|1652405680|misc_net|147.36|0|Alvarez and Sons|35.419141|-91.745158
3536881013827217|589419928804|742db0754462dfbd61e4f2613f00eff0|1641509236|gas_transport|124.79|0|Spencer-Hall|35.179076|-92.478911
3536881013827217|589419928804|81b51caf78921b5b0cd6ee822638411c|1644015754|gas_transport|119.04|0|Robles-Murphy|34.614162|-91.721443
3536881013827217|589419928804|8b7f004bfd7eefbcf1b4103e60c7ee4e|1653848623|misc_pos|127.86|0|Ward-Henry|35.930934|-91.696305
3536881013827217|589419928804|aae919979bcf01988732bf22e685348b|1654011976|misc_pos|127.63|0|Miles-Dominguez|34.503578|-93.404959
3536881013827217|589419928804|750deebde86c249bd7dc5f09a9124d36|1656726923|shopping_pos|100.29|0|Johnson-Jones|34.721353|-92.185909
3536881013827217|589419928804|ef81b59404abc86177109523ef90dbb1|1655404073|shopping_net|176.94|0|Watson-Hall|35.472267|-92.844081
3536881013827217|589419928804|5c74dec1843e8d9be2242aa42f7945d9|1652748683|misc_net|111.78|0|Chambers, Foster and Smith|34.302303|-93.24896
3536881013827217|589419928804|f936c370d88bf7411bb3ac0b6a76895b|1653595145|misc_pos|140.33|0|Waller Inc|35.683472|-91.62669
3536881013827217|589419928804|f3b66f1bdf4bb535dd86eb8c357fb5bb|1648424125|grocery_pos|105.78|0|Smith-Webb|34.747007|-93.057076
3536881013827217|589419928804|f6af12ad0b9aa8e6bf76ec2aef0e317b|1654909257|shopping_net|128.02|0|Flores-Walter|35.552019|-93.410456
3536881013827217|589419928804|67f39bac4ca78d7cea672a7eb8e74333|1657410997|shopping_pos|161.18|0|Romero Group|35.013224|-93.30226
3536881013827217|589419928804|849ef8497976b68a2fdd0491e67f00e2|1649208298|grocery_pos|152.54|0|Booker, Farmer and Cook|35.991446|-93.239372
3536881013827217|589419928804|d68d37d14777ac264d190495521a911b|1651195254|misc_net|157.45|0|Robinson Ltd|35.145528|-92.303734
3536881013827217|589419928804|0ad2d5b549b5acae6cf5911612b62996|1652489892|misc_net|112.62|0|Adams Group|34.550257|-92.741708
3536881013827217|589419928804|1209918f30cf5e0ecb1332cf063c06e1|1648392964|grocery_pos|121.14|0|Ramos, Potts and Wiggins|35.931984|-92.958109
3536881013827217|589419928804|9920636e97a5cf9da410f4b0d6c9fa66|1654882635|shopping_net|163.04|0|Grant, Campos and Atkinson|36.189249|-92.596143
3536881013827217|589419928804|0780386551dc3402a8b31ad99d6686c8|1650920939|grocery_pos|130.84|0|Randolph Ltd|34.517215|-91.606258
3536881013827217|589419928804|6a20069d8f7c873a985743236de26fa4|1652915828|misc_net|140.07|0|Carey-Holmes|34.497311|-93.375557
3536881013827217|589419928804|589f0d32e606a582255579e96c79a884|1649514609|grocery_pos|1.39|0|Marquez LLC|34.749009|-93.347772
3536881013827217|589419928804|df6723340435ffcb0afaabe955922b0c|1651525218|misc_net|6.67|0|Kerr Group|35.657132|-93.04829
3536881013827217|589419928804|bde05b2d7ca785038a24f55747e5bbea|1658529154|entertainment|123.93|0|Roach Ltd|35.581487|-92.180216
3536881013827217|589419928804|8b46cb1e7c8153f7a2ee919b52d21a55|1653324702|misc_pos|4.41|0|Wilson-Hanson|36.047051|-92.254274
3536881013827217|589419928804|d92e096e69669544504d58fbef979902|1652314750|misc_net|3.23|0|Clark LLC|35.127864|-92.690546
3536881013827217|589419928804|c95e522ee1306b484b2e3bc34453e3ef|1656094495|shopping_net|52.51|0|Jones-Holmes|34.37874|-92.053404
3536881013827217|589419928804|36bfbdb161530735c4f90acd8122a7cf|1650241032|grocery_pos|111.56|0|Stewart Group|34.362338|-91.551948
3536881013827217|589419928804|add110e5765f07aeffd56051418fe77f|1649953412|grocery_pos|4.95|0|Mccoy, Martin and Ballard|34.321041|-93.393105
3536881013827217|589419928804|fdd1e9bfe8796fc817abc8172449ec3e|1642799592|gas_transport|1.52|0|Franklin-Smith|34.536739|-92.740147
3536881013827217|589419928804|171d2f03823826b18e54abb174927a13|1642374661|gas_transport|4.35|0|Garcia LLC|35.894045|-92.82478
3536881013827217|589419928804|e8f01fb249814689841ab9c63b180e65|1655603321|shopping_net|88.51|0|Carpenter Inc|34.758511|-93.35411
3536881013827217|589419928804|dcc8a87f1c4a11f14900616e413448c0|1650227693|grocery_pos|6.09|0|Powell-Williams|35.163335|-92.037197
3536881013827217|589419928804|b688239c41ff7d2d5a7e422575c677c1|1641600935|gas_transport|3.61|0|Hobbs PLC|34.607694|-91.607952
3536881013827217|589419928804|50ae4e4d5685cd596fc4695ace22a890|1650214504|grocery_pos|3.0|0|Braun-Nelson|34.813295|-93.344345
3536881013827217|589419928804|5bc3b1ce6ea8f0bbcaeda6ffbeed1b84|1647564201|grocery_net|6.91|0|Baker and Sons|35.310634|-92.325137
3536881013827217|589419928804|54f655e05b9b2d241139ab2578569a3b|1654791941|shopping_net|2.36|0|Ward-Waters|34.876669|-93.493041
3536881013827217|589419928804|14c3813c1f326ffcbb841cf029dc4ebd|1644885142|gas_transport|100.88|0|Hopkins PLC|34.283471|-91.934777
3536881013827217|589419928804|b3d7e331891a8aa9a511a08680bd525a|1653092423|misc_net|4.86|0|Fitzpatrick Group|35.395308|-91.601362
3536881013827217|589419928804|7b73c389d2c1a1bb638e02d1aad62a94|1647896999|grocery_pos|2.03|0|Harrell Group|35.200633|-92.55365
3536881013827217|589419928804|6ea9607400e094676507b67ee81db10a|1647203585|gas_transport|7.37|0|Smith Inc|35.650298|-91.693611
3536881013827217|589419928804|215e4313d59dda6259da0cfe133370e1|1656884163|shopping_pos|3.58|0|Thomas-Jones|35.37088|-93.008752
3536881013827217|589419928804|425943fa7cc6481f609bdeb1b6627b6c|1652044365|misc_net|3.54|0|Brown-Gonzalez|35.356461|-92.667684
3536881013827217|589419928804|47e8e5f2ca57a5a3404c3df4fce8dd54|1653163536|misc_pos|4.95|0|Mack and Sons|35.084714|-93.085356
3536881013827217|589419928804|6fcf34a3c246ccf85e799b64cc2299f8|1657062347|shopping_pos|3.75|0|Cunningham-Guzman|35.146465|-92.602066
3536881013827217|589419928804|8faa529139b6890c7e215ddcab7311a8|1653754356|misc_pos|140.37|0|Ferguson and Sons|34.459081|-91.945868
3536881013827217|589419928804|eb0c10dfc2c7f0257e3c5f454f32dce5|1643983688|gas_transport|3.04|0|Richardson-Johnson|36.012801|-92.847606
3536881013827217|589419928804|736cb245f062573adfdc448b4b10e534|1651853571|misc_net|54.78|0|Gomez-Sharp|36.269843|-92.235569
3536881013827217|589419928804|491e30515f391349e15a8bd02a0f4f17|1652741479|misc_net|41.8|0|Hogan Inc|34.746476|-91.593441
3536881013827217|589419928804|2a1d27244723769009b0ec5cd48db68f|1656195890|shopping_net|3.39|0|Li-Horne|35.256199|-93.187265
3536881013827217|589419928804|f3c882a103d63157bec0ae7804b91cb9|1649430802|grocery_pos|6.99|0|Wilson-Robbins|35.830454|-92.625179
3536881013827217|589419928804|674482698c6fcb0679508e75861c288b|1657202941|shopping_pos|3.06|0|Gilbert-Choi|34.702045|-92.286267
3536881013827217|589419928804|9fea0244015e110278278f6b57e3ec58|1654296102|misc_pos|3.81|0|Myers, Hall and Smith|34.298085|-91.631607
3536881013827217|589419928804|78838ce68c0f038458b013f78094bfe6|1656102032|shopping_net|7.65|0|Cruz-Baker|35.164183|-93.325138
3536881013827217|589419928804|9e6c58bb7c9849388bdcbc0b90cdb874|1644765707|gas_transport|3.18|0|Scott-Lynch|35.686745|-92.938791
3536881013827217|589419928804|59486d0d300063f489560dfd3326553f|1658022155|shopping_pos|23.77|0|White, Dawson and Hoffman|36.225449|-91.546707
3536881013827217|589419928804|55c8cf1d6a0c02f22a74c4e4b3ddaa4f|1644157365|gas_transport|3.92|0|Walker-Benton|35.304513|-91.848121
3536881013827217|589419928804|57ee1f7b6b7979d3f0b178045f5c2090|1641477417|gas_transport|7.02|0|Bass, Sanders and Young|35.111297|-93.030307
3536881013827217|589419928804|38f7c00f75c92e692a04e45a7aaae9f2|1656082467|shopping_net|3.79|0|Williams-Graham|35.693841|-92.510449
3536881013827217|589419928804|d94122067e02a92f9601cddadb2a86f7|1646259218|gas_transport|5.03|0|Soto, Hancock and Macias|34.929223|-92.658084
3536881013827217|589419928804|d428f502f4b0591b5e69875de64d60e6|1657499965|shopping_pos|3.62|0|Holloway, Jensen and Nelson|34.895724|-92.378052
3536881013827217|589419928804|70a975fdc7f921b122d6dc6fc3c53d03|1655428083|shopping_net|5.87|0|Brown-Sellers|35.386125|-92.392097
3536881013827217|589419928804|7501283a78c6f22bb6ac0ba2d1ba4ed6|1648244404|grocery_pos|160.96|0|Espinoza Ltd|34.700108|-92.087186
3536881013827217|589419928804|c8e7e9c904a637294a396d5829f12aa5|1656711519|shopping_pos|108.46|0|Peterson, King and Khan|36.109651|-93.184175
3536881013827217|589419928804|fe3db7a794e3ca0943bf07112d5e2171|1647014313|gas_transport|2.37|0|Delgado-Hernandez|35.499182|-92.419714
3536881013827217|589419928804|86bd27b61f044adca4d4fa15f3138330|1648394062|grocery_pos|292.87|0|Turner LLC|35.413027|-91.601176
3536881013827217|589419928804|22671878d38ec532d3c580664d98f28f|1643894745|gas_transport|2.97|0|Stephens, Wilson and Zuniga|34.371024|-92.643461
3536881013827217|589419928804|0ce5da98a09bfaeafaae832779e32f8a|1645711733|gas_transport|6.48|0|Ramirez-Edwards|34.945684|-92.839261
3536881013827217|589419928804|544dbb88ba03def3b74e7815ccc7d584|1656639625|shopping_pos|8.67|0|Parker-Rodriguez|34.384562|-93.2907
3536881013827217|589419928804|d7762ad508a7e1d5257ef05b60efe202|1654710977|shopping_net|2.01|0|Barnes LLC|35.415583|-92.660318
3536881013827217|589419928804|b3fc30366663f39535e016db9a5a28b5|1647102387|gas_transport|2.2|0|Farmer, Jackson and Gibson|34.604628|-93.361281
3536881013827217|589419928804|8a451aa0f3f9f55d5a015ed3251e88ba|1654618093|shopping_net|7.12|0|Newman-Davila|35.988124|-92.161222
3536881013827217|589419928804|49c49ac6a8c37ee00c1b240b3960a6c6|1650763097|grocery_pos|4.16|0|Hall Inc|34.590836|-92.877804
3536881013827217|589419928804|69e311547100d739ca1c6020a54ed2d2|1656361331|shopping_net|3.04|0|Pacheco-Martin|35.946394|-91.906983
3536881013827217|589419928804|effbef49cdff0d24524f14a7a8e2f2d1|1658415510|shopping_pos|5.98|0|Smith LLC|34.64286|-92.917479
3536881013827217|589419928804|a3ecef468f2991735f74da5f9252640c|1645305336|gas_transport|10.76|0|Calderon LLC|35.424843|-92.718009
3536881013827217|589419928804|044c47745a72669a96c805f20275ad0f|1653357145|misc_pos|5.69|0|Hernandez-Walker|34.906478|-92.190646
3536881013827217|589419928804|5b9c1ea590e27ea11838e709e4e489b5|1658247013|shopping_pos|5.98|0|Mcdonald LLC|35.84866|-91.759284
3536881013827217|589419928804|f176a3213d822c37ca2d64a317b43c73|1657569662|shopping_pos|37.59|0|Smith, Rocha and Harris|35.992203|-92.345731
3536881013827217|589419928804|853fe360d74637e723fb666504deda9d|1652975558|misc_net|5.95|0|Burton, Wilson and Gross|35.561208|-92.891285
3536881013827217|589419928804|79ff121d596121c8edc4a25af1682aa1|1655587657|shopping_net|8.48|0|Butler PLC|34.939324|-93.442381
3536881013827217|589419928804|78e653e5653389e219d21cf99d328de8|1647131245|gas_transport|8.49|0|Moore, Flores and Johnson|35.489388|-92.741359
3536881013827217|589419928804|1a9daf196b4826c9be95bf85c4f8c655|1652388765|misc_net|7.21|0|Murray Ltd|36.217595|-93.266613
3536881013827217|589419928804|889381024e71403075fa8272970b7231|1641839444|gas_transport|67.1|0|Myers and Sons|34.468501|-93.170904
3536881013827217|589419928804|d1566fd6d6e9a1c29879cbf7ad389ced|1652632349|misc_net|6.68|0|Thompson-Bell|34.828613|-91.850186
3536881013827217|589419928804|c4c5e7345da086f5196d4f6056f1deb9|1653692733|misc_pos|2.69|0|Anderson, Powers and Olson|36.021082|-93.063475
3536881013827217|589419928804|9a478b0eb023609cda270ee95a140609|1650494424|grocery_pos|91.44|0|Jenkins-Floyd|34.726012|-92.363531
3536881013827217|589419928804|7fdcf25039f54d55cf3f607ad1390e2b|1650124010|grocery_pos|8.79|0|Freeman-Mcpherson|35.141565|-92.540942
3536881013827217|589419928804|0b6efa4c4f6d22c1a34f8ddfa2b47508|1654823562|shopping_net|11.71|0|Miller, Turner and Ford|35.70539|-92.178483
3536881013827217|589419928804|608442be8501c63e34aa598975cc56b1|1657146571|shopping_pos|3.35|0|Pham, Alexander and Gomez|35.975454|-91.727088
3536881013827217|589419928804|89463eba920a542123afd90fcac28ace|1648154594|grocery_pos|3.17|0|Ross-Brooks|35.911922|-91.756567
3536881013827217|589419928804|010c47e0be7db9c296a45cc7d35507d9|1649004170|grocery_pos|98.43|0|Miller PLC|35.364549|-91.977849
3536881013827217|589419928804|c18864112b488891333713505d366ba9|1649982767|grocery_pos|122.64|0|Hughes, Taylor and Watson|35.58028|-92.717955
3536881013827217|589419928804|b791a3a8624d472dafd1a3f710ee4852|1655141254|shopping_net|2.24|0|Walls LLC|35.234018|-92.205116
3536881013827217|589419928804|4923f7a43e85505518d62e5f9cf5341a|1644516384|gas_transport|2.19|0|Bell Inc|35.196755|-92.797872
3536881013827217|589419928804|a06ae98aeb526b2f504135bd0742f1ca|1655481444|shopping_net|20.11|0|Forbes, Ritter and Rodgers|36.065821|-92.61504
3536881013827217|589419928804|459b8f14ae1217d79eee5bd9bd54b2ff|1650732650|grocery_pos|8.03|0|Davis-Price|35.445743|-92.53804
3536881013827217|589419928804|bf1e3c21017d5f9f83459eb30b3b3ab9|1654889088|shopping_net|10.91|0|Campbell, Reynolds and Rodriguez|34.8419|-91.797057
3536881013827217|589419928804|2485118d83500f68768bf15d29711305|1654375095|misc_pos|8.34|0|Livingston-West|34.996938|-93.095296
3536881013827217|589419928804|33a8f4c5ea2b331f5ad90a8f3ddb0255|1650129544|grocery_pos|243.1|0|Hunt, Cruz and Webster|34.285711|-92.424384
3536881013827217|589419928804|3b8125783a0b3dfe6c3e39e5e7cf6a71|1641931727|gas_transport|1.51|0|Wood-Clark|34.344184|-92.099182
3536881013827217|589419928804|3aa7dc6bd481010bb11c7f94dae1bfe8|1648140784|grocery_pos|5.55|0|Diaz-English|35.282719|-92.60106
3536881013827217|589419928804|840b7e0b39c12833b009b917abc8d13d|1651079555|misc_net|7.02|0|Robinson Ltd|35.55014|-92.196345
3536881013827217|589419928804|32b6287fa332c9229c4d9b945fa6c840|1658251924|shopping_pos|12.79|0|Barnes, Schultz and Hanna|35.720324|-93.495748
3536881013827217|589419928804|7f4784331aab7a5cfb2a4818b6c2678e|1648670098|grocery_pos|8.75|0|Meyer, Williams and Dunn|34.46197|-93.123511
3536881013827217|589419928804|5f51ece0ea3c041510497a3c1a2adaba|1648828507|grocery_pos|37.86|0|Ochoa-Stark|35.265739|-92.110803
3536881013827217|589419928804|a42473c7300b178ef39b0332c4222d37|1649976160|grocery_pos|49.98|0|Reese, Wilson and Adkins|36.152485|-93.365644
3536881013827217|589419928804|5c3e45d42445e7e88fafe766c6574ce7|1655994088|shopping_net|1.88|0|Ortega, Fitzpatrick and Mahoney|34.716543|-92.935394
3536881013827217|589419928804|18a71f2094d914e243ec05ab5502d0d7|1646608954|gas_transport|5.07|0|Little, Hanna and West|35.362633|-93.166006
3536881013827217|589419928804|a5a38be1cc7a69c52e08fe3ea2be25e8|1649639436|grocery_pos|7.84|0|Davis LLC|35.340544|-91.556278
3536881013827217|589419928804|32476dcffda4d2e36b29521c4b0a2772|1643931973|gas_transport|10.65|0|Johnson Ltd|34.733222|-91.82427
3536881013827217|589419928804|9fd2d264a0cf2e3b787a929fc318e2b6|1651707275|misc_net|9.56|0|Vasquez Ltd|35.183652|-92.80264
3536881013827217|589419928804|5dc6bdd6a542fc47e5476e70df548d2b|1654716517|shopping_net|6.6|0|Wilson, White and Wallace|35.657257|-92.707179
3536881013827217|589419928804|f5c734563923f025539cb5f482d842de|1644705595|gas_transport|16.19|0|Werner-Rodriguez|34.29571|-92.313
3536881013827217|589419928804|0c331978cc1f3d29dc7043af3460f811|1665199050|home|13.63|0|Nelson-Keller|34.784053|-93.088521
3536881013827217|589419928804|e7376a18e61ff75b09b98506437117a6|1670662822|personal_care|1.73|0|Cummings-Garcia|35.306737|-93.510604
3536881013827217|589419928804|775cf7bc234d592d41f90641e4127524|1672110368|travel|39.33|0|Wong, Franklin and Benjamin|35.731864|-92.463233
3536881013827217|589419928804|da52d1075ff696608d4c67e46b00c53f|1664618817|health_fitness|114.88|0|Hardy, Rogers and Barber|35.459948|-93.50376
3536881013827217|589419928804|27807b9bf297aa2a0b8a2f49d5294c15|1658929542|entertainment|99.98|0|Santos, Robinson and Escobar|35.667535|-93.192524
3536881013827217|589419928804|a47f3c1d4e704e29bd457b69596c3b26|1664081443|health_fitness|25.59|0|Ortega-Austin|36.132364|-93.199847
3536881013827217|589419928804|c909a8ab8ec7bd2bad6d24b2bcd63a4b|1667973063|home|1.8|0|Elliott-Shelton|35.810735|-92.619461
3536881013827217|589419928804|152ed76d17fb69d36cc46564c8ea7b42|1660211817|entertainment|85.94|0|Mccarthy, Miller and Fowler|34.945101|-93.025291
3536881013827217|589419928804|af029b1d868b70acbe1098328e387112|1663411504|health_fitness|62.87|0|Meyer, White and Henderson|34.467831|-93.53473
3536881013827217|589419928804|cc519bbbf5a49ad35ba1f5f1a48e2a17|1670480742|kids_pets|6.46|0|Jones-Hopkins|35.222093|-93.23061
3536881013827217|589419928804|64bb0dea835e54b3c6daaddebafe0f64|1659940818|entertainment|17.93|0|Wilson Group|34.891593|-93.136518
3536881013827217|589419928804|6a93465c8192e5ea5c87807082620ff9|1670323005|kids_pets|8.47|0|Richards-Brooks|35.489529|-92.690384
3536881013827217|589419928804|cee4d58e5c717a6df3d434f926dd37fb|1670587396|kids_pets|35.06|0|May and Sons|35.893341|-93.011891
3536881013827217|589419928804|ec048d5bec0d3087eb2f22e1077d2deb|1662698038|health_fitness|129.8|0|Cook, Mahoney and Charles|35.143527|-92.193056
3536881013827217|589419928804|93b8385d903b61a797c7baaed5be35e1|1662296017|health_fitness|18.16|0|Barnes-Wright|35.24399|-92.991147
3536881013827217|589419928804|edf91f37e4de8c1d362178da5e4379b0|1665308970|home|23.41|0|Stone Inc|35.949405|-91.685749
3536881013827217|589419928804|a00d17fa1143648009e65516e02ff5db|1665111297|home|6.28|0|Palmer, Jackson and Lamb|35.018253|-91.708806
3536881013827217|589419928804|672be02f05ae37a433b867e1f71d373e|1669985990|kids_pets|62.44|0|Chang and Sons|34.494244|-93.287274
3536881013827217|589419928804|64ad3ac1c6d22a4743949ca984d44b73|1666771389|home|10.63|0|Nelson-Turner|34.814786|-93.05739
3536881013827217|589419928804|6c9fb59d652a063d813fdc7e4ccb78ce|1672192819|travel|105.02|0|Glover-Coffey|35.84876|-93.505592
3536881013827217|589419928804|985396ae38547c48d494823f19fbc536|1661090235|food_dining|8.91|0|Hunter PLC|35.604676|-92.946442
3536881013827217|589419928804|12c81c60263df58af98f2c5d6945a7e8|1664105870|health_fitness|6.68|0|Diaz-Contreras|35.62119|-93.462027
3536881013827217|589419928804|b3481c68747d68f90e69b9cc1a796e30|1660976328|food_dining|39.41|0|Smith-Scott|35.665681|-91.703866
3536881013827217|589419928804|46692c98184366fd4d69cacd395f003c|1667101035|home|8.72|0|Bennett, Hernandez and Haynes|35.181571|-92.419144
3536881013827217|589419928804|a323e118b28336274ad79c0f8fe47f60|1661080911|food_dining|154.27|0|Leon PLC|35.047468|-93.397445
3536881013827217|589419928804|b37c663cf6a1b5948d59cd654d5ffa0e|1662281269|health_fitness|1.23|0|Duarte, Arias and Lee|35.067401|-92.39647
3536881013827217|589419928804|6584ec261cc19d5d5471e725fcbb5044|1664932851|home|24.62|0|Myers-Hoffman|34.927588|-92.453432
3536881013827217|589419928804|a755b68281b6583c8df38db0426161b5|1667131449|home|18.25|0|Snyder and Sons|35.004368|-93.134203
3536881013827217|589419928804|162854165cd65795a1f0c99d57224427|1660192838|entertainment|86.94|0|Boyer-Park|35.929905|-92.421298
3536881013827217|589419928804|def1b08adf21a99dc56014a9747b2b5a|1669714262|kids_pets|10.7|0|Oconnor-Roth|35.981248|-92.219164
3536881013827217|589419928804|7a6409f922981b238d57d35f1bb1d3c7|1659264783|entertainment|18.81|0|Lopez and Sons|34.725932|-92.562129
3536881013827217|589419928804|3472028150324124161dae7bba615f8e|1666439921|home|32.16|0|Liu-Richardson|35.263485|-93.309986
3536881013827217|589419928804|f3cfcf215577f6e979cc9472b88e2414|1667644785|home|62.04|0|Brewer Ltd|34.337198|-93.356764
3536881013827217|589419928804|aef14956c969b5f664f0684d9fce6075|1664444266|health_fitness|3.52|0|Wells-Fisher|34.944868|-92.291086
3536881013827217|589419928804|c26077a0ee4df1a2e27efe2e3cdd1ea2|1665979262|home|20.7|0|Randall-Pierce|35.366301|-93.407867
3536881013827217|589419928804|bfa91bb7b183b07535b254899ba68284|1660984538|food_dining|55.13|0|Mccoy, Burns and Lowe|35.646583|-93.328095
3536881013827217|589419928804|b4ecba551f801382dec331c5ee58bc0e|1671952754|travel|31.7|0|Hernandez-Oconnor|35.587692|-92.698299
3536881013827217|589419928804|c7da55d84f52e75184b3570a9f384ba2|1671689993|personal_care|12.64|0|Miller-Harris|35.428794|-93.211851
3536881013827217|589419928804|89fef8278116a9d607b2e92cfadfbd54|1670322850|kids_pets|169.43|0|Levy, Perez and Hopkins|35.543796|-91.993642
3536881013827217|589419928804|03b3eb117f12d3328c123b3a776f8f22|1663473242|health_fitness|39.93|0|Hernandez-Grant|35.912118|-92.998369
3536881013827217|589419928804|274c3c27688a0d2424cf0a5e9f634949|1671097798|personal_care|18.08|0|Miller Inc|34.481604|-91.864609
3536881013827217|589419928804|2558be777ca7c20dfdb9022564894776|1667359939|home|2.23|0|Rice, Luna and Wilson|34.657035|-92.148514
3536881013827217|589419928804|be52374ec1bc81fd29993fb92a8fd0f9|1663739562|health_fitness|63.27|0|Forbes-Cuevas|34.683767|-92.927829
3536881013827217|589419928804|24d6870fb86996b4b3e7d1a8fff26617|1661422878|food_dining|10.23|0|Hutchinson, Lawson and Barnes|36.013862|-93.119562
3536881013827217|589419928804|52c0d1a4d360d913c72a040df3f21a60|1670117875|kids_pets|48.11|0|Patel-Hernandez|36.271585|-92.74751
3536881013827217|589419928804|1c690c3d9f3b8a2ab835a31b6ccaa4a9|1667524914|home|8.66|0|Dennis Group|35.118979|-91.749078
3536881013827217|589419928804|d804f99a6983f25cf101c7f9b9b0c1ff|1661680485|food_dining|148.97|0|Bowman-Bean|36.207257|-92.79851
3536881013827217|589419928804|9c432378a7ef6f5672086116c2f72d23|1659853838|entertainment|5.21|0|Baker, Bond and Harrison|35.534559|-92.998393
3536881013827217|589419928804|09a813e88559b92028ac64ec7c39096b|1665368053|home|14.97|0|Leonard-Norton|36.056638|-92.099529
3536881013827217|589419928804|0ecabe79adfb3927df091206d1cb4ff8|1671017376|personal_care|49.56|0|Long Group|35.169844|-93.182478
3536881013827217|589419928804|73b59c4861bd8e7d3af4f133be6e808d|1671763984|personal_care|31.81|0|King, Garcia and Morris|34.862581|-92.878404
3536881013827217|589419928804|d09c98b891116e886f6db9b5b6e44686|1661495760|food_dining|2.14|0|Brown Inc|35.883728|-92.022958
3536881013827217|589419928804|9c96b53c5d9616451b52c2298541ae01|1668257123|kids_pets|24.31|0|Willis, Allen and Delgado|34.863475|-93.247077
3536881013827217|589419928804|23158a4819f0cae9a250d582b1de5999|1661604644|food_dining|28.23|0|Mosley, Garcia and Welch|34.474954|-92.796701
3536881013827217|589419928804|f27c1757233a31c527cf99010b495e63|1658890622|entertainment|42.55|0|Johnson-Johnson|35.753711|-92.019205
3536881013827217|589419928804|64dafcbc081842ae7211ebda1ccc5aa4|1664599800|health_fitness|10.43|0|Jordan, West and Juarez|34.831394|-93.359893
3536881013827217|589419928804|fdfec617cadd1f881b82c493b31196c2|1663042363|health_fitness|25.91|0|Mooney and Sons|35.864345|-92.942304
3536881013827217|589419928804|2f7b5ebb1793a79efc7abc9e42dda65f|1671268372|personal_care|148.72|0|Davis, Barrett and Sanders|34.478976|-92.572713
3536881013827217|589419928804|0059a5586ce24cf0c070513ad120491b|1663488381|health_fitness|4.27|0|Dunn LLC|35.607999|-92.989943
3536881013827217|589419928804|0f557d13629a793df2af079adf7e1df8|1670500473|kids_pets|79.08|0|Barton-Estrada|36.081787|-92.366844
3536881013827217|589419928804|d8780a988c6c9cf64a013df6b31868d2|1663671341|health_fitness|22.91|0|Nelson PLC|36.195586|-92.798762
3536881013827217|589419928804|bf2bd3bdb779f01feb58c3eaa88b69cb|1670120797|kids_pets|19.08|0|Castillo, Hodges and Jackson|35.891885|-92.594153
3536881013827217|589419928804|8f41a417f472c6a0c0e20c713474dad2|1660048564|entertainment|55.72|0|Kline LLC|35.019947|-92.659038
3536881013827217|589419928804|7a3d0f86337e9c0979b63340b4a0e26f|1665292705|home|51.28|0|Patrick Inc|35.859131|-92.876425
3536881013827217|589419928804|471bd03f6a2b695405faf58d7b596c31|1670068878|kids_pets|213.26|0|Anthony LLC|35.286324|-92.903572
3536881013827217|589419928804|b2cc5ffec0641f0804e741435698e34e|1671191159|personal_care|79.82|0|Anderson Group|35.83379|-93.4477
3536881013827217|589419928804|39373daf7145ea52be7b8682c346e43e|1666680948|home|47.82|0|Sutton, Acosta and Choi|36.225897|-93.484231
3536881013827217|589419928804|326a77f61c541346ccc7f9e0261eccbb|1664887361|home|54.27|0|Fernandez Ltd|36.168619|-92.396722
3536881013827217|589419928804|0c333cd4d9f060395626423b51082e6c|1666689401|home|6.44|0|Smith, Brown and Anderson|34.353732|-92.992265
3536881013827217|589419928804|6f32549ce65cd806962c2235a134ea4c|1660193098|entertainment|42.19|0|Thomas-Roman|35.781783|-92.177523
3536881013827217|589419928804|e40b54cbeb4c77a2e4442ddb54793d2e|1663679131|health_fitness|106.79|0|Saunders PLC|35.203972|-93.120237
3536881013827217|589419928804|14e71dec56458d10215b93388d43c5fc|1672032632|travel|9.63|0|Ramirez-Atkinson|34.52206|-92.601553
3536881013827217|589419928804|0aac7fc7ba4d0dc5489d18869a16d84e|1666248595|home|61.8|0|Wade-Rodriguez|35.183057|-93.233597
3536881013827217|589419928804|3a3c48a92038071457722b25300d6bfb|1665405240|home|6.52|0|Sullivan PLC|35.321902|-93.520774
3536881013827217|589419928804|3958200ba9e12018bf4410815fecabd5|1661143837|food_dining|41.92|0|Smith-Calderon|35.035283|-92.494425
3536881013827217|589419928804|441a2352ab4d5d3c67b18d3c6457897f|1661076105|food_dining|30.96|0|Mcgee-Dorsey|34.288585|-92.003915
3536881013827217|589419928804|a811e2b326b03451790e6e0c855ffde8|1668483547|kids_pets|48.61|0|Snow-Campbell|35.639635|-93.267654
3536881013827217|589419928804|f8bc9f08406d63b28394280aaf11e74a|1663123906|health_fitness|30.09|0|Parker-Gregory|34.763685|-91.603815
3536881013827217|589419928804|99dfcd60509baca739c1c4666fc62b91|1660096948|entertainment|144.1|0|Gonzales PLC|35.051398|-92.70809
3536881013827217|589419928804|193cf805f100586220d1e6a712ccb6c9|1672123103|travel|16.47|0|Nguyen, Davila and Whitney|35.736227|-92.534486
3536881013827217|589419928804|caa6a87ff20d0d014524a9565a3643ed|1664854545|health_fitness|54.4|0|Walker PLC|35.795224|-92.984927
3536881013827217|589419928804|618c0640bd3e934f7445cc79cc2c43d6|1661572292|food_dining|9.27|0|Mcdaniel-Mcknight|35.276064|-92.456293
3536881013827217|589419928804|5ade5e7269934871f72faf7c8232307f|1669712088|kids_pets|63.63|0|Hart-Joyce|35.788215|-93.175155
3536881013827217|589419928804|0a845fa629561af3edafb37638c783c5|1669353668|kids_pets|3.67|0|Owen Ltd|34.887526|-93.099924
3536881013827217|589419928804|54845d30bd9e0f36653982ef8c0b8437|1663508539|health_fitness|93.91|0|Ramirez PLC|35.943468|-92.840189
3536881013827217|589419928804|971b5bb652a1f0e2ec3341b0b2e2fd28|1668652988|kids_pets|25.91|0|Johnson Inc|34.69124|-92.356874
3536881013827217|589419928804|83bca0d4b123a4142d026e6f6dd402ce|1671847976|travel|159.07|0|Lee Inc|35.525959|-92.324226
3536881013827217|589419928804|0f2984c7c499adce49497caeb1b58943|1660973113|food_dining|3.03|0|Frye, Black and Miller|36.040141|-91.859152
3536881013827217|589419928804|4838c3fa4d5af35e9176815fcf187495|1671434608|personal_care|42.49|0|Martin Ltd|35.820848|-92.795476
3536881013827217|589419928804|edde496b0be38fd0837d635e002e60c4|1671930817|travel|18.91|0|Vasquez, Jackson and Phelps|34.553214|-92.236831
3536881013827217|589419928804|566cca00075d60e943799f6c3d6ec867|1671761766|personal_care|52.32|0|Lowe Ltd|35.911047|-92.71402
3536881013827217|589419928804|8ee365e6732a749d547fe491893dd1a3|1661147860|food_dining|94.7|0|Clark, Carpenter and Bishop|35.620398|-93.343737
3536881013827217|589419928804|6eb9aef2226cd7ce6042fc8757a9e3ed|1661057200|food_dining|15.69|0|Sandoval, Nguyen and Singh|34.983219|-92.557495
3536881013827217|589419928804|745bb28728c980a9475f67dd22541420|1664265887|health_fitness|15.84|0|King Ltd|34.342793|-91.753001
3536881013827217|589419928804|d4325399f79ad918d058b11504a46b3b|1665923499|home|112.16|0|Baker and Sons|35.115838|-92.627518
3536881013827217|589419928804|88a5400597168ef93075ddaf92b9d78d|1658749054|entertainment|6.79|0|Leon-Russell|34.368473|-91.834924
3536881013827217|589419928804|46291714233dbf40ea11f5bceec796f5|1671944932|travel|27.68|0|Cannon-Davis|35.782937|-93.00171
3536881013827217|589419928804|50314c6116ce6283e8f83a8f7837633e|1664418126|health_fitness|10.45|0|Ramos Group|34.661375|-91.681218
3536881013827217|589419928804|1469380eda3390d91f4f66fc8b265476|1670487545|kids_pets|17.22|0|Whitney, Maldonado and Norman|35.965498|-91.925778
3536881013827217|589419928804|6300d6e1117aa7496963f0dd3c95e958|1671175876|personal_care|43.74|0|Sims, Mathews and Cox|35.167018|-93.520654
3536881013827217|589419928804|8c57f5cfcb155d6892684f359d036128|1665972011|home|17.36|0|Allen LLC|36.253181|-92.103537
3536881013827217|589419928804|9cc2539ea64448239f2a3fdf7c25ffb2|1661165212|food_dining|118.84|0|Martin-Stewart|35.754796|-92.753486
3536881013827217|589419928804|8c39ef143237ea82a1a43afe28fec25b|1660357522|entertainment|127.58|0|Hoffman Group|35.206855|-92.84293
3536881013827217|589419928804|1afa9930c4aa34b4e6ca399fa46ea35e|1668688176|kids_pets|145.96|0|Leon-Stewart|34.925999|-92.352917
3536881013827217|589419928804|ad30264efd6b517f44fe91f58cfe5216|1668824932|kids_pets|69.22|0|Good, Bradshaw and Edwards|34.319749|-91.862866
3536881013827217|589419928804|6890538da5bc8839a304c61d94cf82f2|1670726503|personal_care|18.78|0|Potter, Hicks and Rodriguez|35.386468|-92.267014
3536881013827217|589419928804|41a089715a5fd60bfa51481832cec047|1671851581|travel|1.53|0|Hurley, Gardner and Gray|34.357561|-92.376136
3536881013827217|589419928804|166c248d0f7ad10c8cc80cd35f627d6b|1670658139|personal_care|13.21|0|Schwartz Inc|35.866716|-91.914548
3536881013827217|589419928804|5e8a0aed2b066950d7da77e6cd91c13a|1667993817|home|48.12|0|Mccarthy-Miller|35.889928|-91.752187
3536881013827217|589419928804|2e00a8982d06e2a85ccfe9cc61bcc7de|1670548357|kids_pets|27.16|0|Hatfield, Mathis and Coleman|35.784037|-92.766829
3536881013827217|589419928804|591dde6f44495e259b374aa10bc3acf6|1668481074|kids_pets|44.91|0|Jones and Sons|34.452321|-91.958212
3536881013827217|589419928804|b9a3ece696851e8f94045e4e0317feb2|1664858951|home|3.14|0|Smith, Fuller and Melendez|35.470611|-92.885312
3536881013827217|589419928804|3e2e8840341cb0c76eda0bc88a872bb8|1663149841|health_fitness|18.13|0|Glover Ltd|34.36759|-92.665142
3536881013827217|589419928804|b604d2bd25a703d4339e65202af807d3|1659877089|entertainment|43.56|0|Gray, Kent and Murphy|35.269406|-92.229594
3536881013827217|589419928804|b03800a0c4f0b2edc7323cc7521d56f7|1664521679|health_fitness|23.06|0|Taylor-Perez|35.393926|-92.485321
3536881013827217|589419928804|a309d26e9221ba4aff55aa6a10e6ed9b|1662084657|food_dining|24.0|0|Forbes Group|36.110996|-93.523612
3536881013827217|589419928804|3d762db18790a4136c2308f7262acbb1|1666003929|home|11.09|0|Marshall-Mcintyre|34.912503|-92.093396
3536881013827217|589419928804|3a14254f6efc82b70a6a617982c697e9|1664699321|health_fitness|24.57|0|Lewis, Sullivan and Rodgers|34.274915|-92.065204
3536881013827217|589419928804|162c2b38c3b0d9495e9c7f3cdc02bd78|1666519060|home|119.28|0|Li and Sons|34.993315|-91.811565
3536881013827217|589419928804|4384e2f8b66b0b268904645e7d01fad1|1665827005|home|50.28|0|Molina-Warren|35.687769|-91.831942
3536881013827217|589419928804|b4e14ee8a66c6a55a69bf8f166a766d4|1671000223|personal_care|19.04|0|Nolan-Turner|34.381855|-92.258242
3536881013827217|589419928804|2e2ec5178657a4174b07acd4790983fe|1671788504|personal_care|21.63|0|Wise, Bennett and Beard|34.340479|-92.469752
3536881013827217|589419928804|9c695f7863d7107dc29714db9fd8231e|1668070246|home|18.93|0|Sanchez Ltd|35.397647|-92.819428
3536881013827217|589419928804|2331eb3de8569b707234bc4b7c549af3|1670660048|personal_care|80.18|0|Jenkins, Peterson and Bell|35.353302|-92.782757
3536881013827217|589419928804|4d731d74b74dc82d675b3bfefcfaf163|1659343174|entertainment|2.44|0|Mcdaniel-Walker|35.997962|-91.546889
3536881013827217|589419928804|d954955d2138aa942405fd9695cb794f|1672380075|travel|10.31|0|Hill Ltd|35.197232|-93.123879
3536881013827217|589419928804|17f8e7fc6282e30afd23423ab3c913cf|1671084712|personal_care|45.89|0|Hamilton-Bell|35.208473|-91.579232
3536881013827217|589419928804|12dddc20db9d1aa1a376eef182db2fc9|1660478064|entertainment|110.88|0|Vaughn-Park|35.692524|-92.592838
3536881013827217|589419928804|f4ef15b4309a499b2620794f203cb0eb|1671280786|personal_care|6.44|0|Fuller-Gallegos|36.0732|-93.513386
3536881013827217|589419928804|9ec064de7f850e11e6caa954f95babf8|1668853931|kids_pets|159.62|0|Brown, Moyer and Taylor|36.040328|-92.569667
3536881013827217|589419928804|bd786dc29d27ab7da54ff997dfb99d2a|1667009954|home|48.26|0|Lee-Martin|34.356464|-92.984748
3536881013827217|589419928804|2579ba7ca8e1b9377f9bc0ac1ff9519b|1660461673|entertainment|182.63|0|Martin-Martinez|35.465366|-91.802446
3536881013827217|589419928804|45a2ff57c823fc42c355e0e495832600|1659100946|entertainment|111.7|0|Dixon-Bowen|35.499622|-93.345154
3536881013827217|589419928804|216f4e7a0f7291bba3ef3cf1fbf61da8|1664941159|home|271.35|0|Young-Crawford|35.308456|-91.677945
3536881013827217|589419928804|cb7f85ad4739374e2976369358c10841|1670143417|kids_pets|57.28|0|Gallegos-Barton|34.634894|-93.510869
3536881013827217|589419928804|71d69dc64df9425c0ac331948e51829e|1660825076|food_dining|10.89|0|Price PLC|34.814018|-92.498559
3536881013827217|589419928804|d6808e014f168e3845750ab0bc70f9df|1670911655|personal_care|18.69|0|Monroe Ltd|34.700267|-93.117093
3536881013827217|589419928804|284763610f23d203da200fa066964b72|1665220886|home|15.85|0|Brown, Ellis and Robinson|35.937547|-93.153182
3536881013827217|589419928804|49386cf8b39396d02d33ad4b4fc3fdfb|1663058738|health_fitness|177.82|0|Tran Ltd|35.858627|-92.994569
3536881013827217|589419928804|29549046f7e00bbccc3b9b5234a8ab68|1670392655|kids_pets|181.48|0|Saunders-White|35.914355|-92.397314
3536881013827217|589419928804|a81ca352e71dae9d677cc13658af516d|1670844729|personal_care|40.45|0|Hooper, Cisneros and Norman|34.585589|-93.038735
3536881013827217|589419928804|03be361205976d34e3a81c2b6e130326|1662386081|health_fitness|54.28|0|Franklin Group|34.329001|-92.937855
3536881013827217|589419928804|72825676c4ddc63f5accb3ecea38b15f|1660279453|entertainment|22.29|0|Mcmahon-Martin|34.391009|-91.725618
3536881013827217|589419928804|b8f84ecaa1a4d957142317ef7f6c5c4a|1660296526|entertainment|18.2|0|Mcguire LLC|36.124814|-93.521832
3536881013827217|589419928804|c85233948f498b41f41a0eeb830033d3|1669031740|kids_pets|28.62|0|Franklin-Page|35.440154|-92.409738
3536881013827217|589419928804|8a8c4029b93a62a4af366b12a0facaea|1668049285|home|19.46|0|Moyer-Lewis|36.075423|-93.431019
3536881013827217|589419928804|9046b887f5fd7dee8a242883ab58eb39|1669428484|kids_pets|32.14|0|Bell Group|34.554538|-91.549144
3536881013827217|589419928804|4390cc3d395048d9aa8bab95594c4e76|1665552518|home|37.0|0|Floyd PLC|35.265884|-92.716038
3536881013827217|589419928804|d4f122a0bcc8f4202005bbacc6471ede|1668341182|kids_pets|59.33|0|Little-Clayton|35.228582|-92.520818
3536881013827217|589419928804|23c07c8b2e60b39c38ba0d45cd094e30|1667131049|home|15.06|0|Roman Inc|35.048354|-93.45286
3536881013827217|589419928804|dcf2c703d3870eedc7a8939cb480dc43|1663649382|health_fitness|19.27|0|Villarreal Ltd|35.426717|-92.89343
3536881013827217|589419928804|890e00e7a806e60b41d18c56d53aa0b1|1670635494|personal_care|41.44|0|Thomas, Jackson and Santos|35.075935|-93.377432
3536881013827217|589419928804|dda51e627bb233ad2144d9452289fe74|1670551090|kids_pets|63.36|0|Walker-Campbell|34.680143|-93.060871
3536881013827217|589419928804|34bd3603f07560530f1c549326c2a6be|1672213925|travel|44.99|0|Deleon, Mckinney and Anderson|36.272488|-92.085005
3536881013827217|589419928804|6a1f3f87113f1dfe7ff294d2be3ca0d2|1671244040|personal_care|21.05|0|Edwards-Henderson|35.974493|-93.354188
3536881013827217|589419928804|47085a148b02b89d98f2bc6c50bdaeba|1667041924|home|35.9|0|Wood Ltd|35.451548|-92.33248
3536881013827217|589419928804|a7715956034b94adf59398a297e381bc|1668231624|kids_pets|15.94|0|Horton-Phillips|35.302596|-92.898117
3536881013827217|589419928804|319d3013edc789089cc222fa252dd977|1662287549|health_fitness|14.71|0|Anderson Ltd|35.754214|-93.424116
3536881013827217|589419928804|e38273866be92021a04fa14096224f57|1660529450|entertainment|42.41|0|Matthews Group|36.164637|-93.183647
3536881013827217|589419928804|e65be121cd56ef662e507109856428f8|1670461933|kids_pets|1.45|0|Gibbs Group|35.197117|-92.147091
3536881013827217|589419928804|9508182769a2d8cffcbbb66b634aad0e|1659348268|entertainment|9.87|0|Clarke PLC|35.3037|-92.779742
3536881013827217|589419928804|b5e30224bc8db3944b47f9e86d17fed8|1671878960|personal_care|17.24|0|Shea-Marshall|34.29697|-92.048048
3536881013827217|589419928804|e13297e9754ab73735d2dbe5d79beece|1663914959|health_fitness|42.28|0|Ramirez-Martinez|36.168439|-93.250334
3536881013827217|589419928804|e676a8484cc95b081ac106f73982339f|1666431127|home|49.25|0|Mclean, Taylor and Ruiz|34.687271|-92.885534
3536881013827217|589419928804|9f8711f03c38cee20e4e818c7a48862d|1662891771|health_fitness|66.49|0|Lamb LLC|34.366265|-92.152804
3536881013827217|589419928804|22400c7f6759991d9d07a9c6648a5d6d|1671517955|personal_care|9.31|0|Wise-Contreras|36.119302|-93.169628
3536881013827217|589419928804|37040d8acfd45320165f51e5168b5f28|1661771557|food_dining|4.4|0|Griffin and Sons|34.447579|-93.071157
3536881013827217|589419928804|055a60a2610eba60f5cb09ae804dcdae|1665907365|home|95.49|0|Byrd and Sons|34.662532|-92.418376
3536881013827217|589419928804|a0aff692e32b4a3cd514e2c3dcaf1c2f|1660305966|entertainment|20.12|0|Mora and Sons|34.604979|-92.052411
3536881013827217|589419928804|2b0259ba46ada53ff0f19f77cb08d39d|1667817357|home|15.53|0|Howell-Mclaughlin|35.157771|-91.955827
3536881013827217|589419928804|bf22da7b727de0583cef88ccb6e15715|1661516411|food_dining|4.16|0|Anderson-French|35.548009|-92.173049
3536881013827217|589419928804|cdc7c94141d2f5ae5f5d0fe925be8ab5|1664027406|health_fitness|5.87|0|Miller-White|34.671689|-92.403054
3536881013827217|589419928804|3f2aea986ff83a1bbb71e4d3316f36e9|1659406743|entertainment|4.15|0|Campbell-Serrano|35.57969|-93.04921
3536881013827217|589419928804|585dacbdea962ac6a5bdb148b6434055|1671775932|personal_care|9.92|0|Velazquez, Wolfe and Mayer|34.784328|-92.402119
3536881013827217|589419928804|aa5c7460258f92e3fee0a70d29f141c2|1667540346|home|9.13|0|Martinez, Travis and Johnson|35.658628|-93.107255
3536881013827217|589419928804|9f53f9a378311bf3af910fd1394ac8b9|1666776528|home|1.7|0|Kennedy, Butler and Blankenship|35.900536|-92.147643
3536881013827217|589419928804|f037ed72e9f65c28d346da04d1c2f53d|1664426232|health_fitness|6.8|0|Davis, Morgan and Valdez|36.259677|-91.808943
3536881013827217|589419928804|cd52e2a01fe907f6e1b6adddc6fe7400|1667632321|home|797.46|0|Pierce Group|35.740895|-91.801359
3536881013827217|589419928804|2e48bbccc0e658be32fa71ae64367dfc|1665278189|home|8.93|0|Nolan-Mullins|34.749097|-91.943809
3536881013827217|589419928804|17fa12ccce8a4f9084a8607c23c8546c|1661770492|food_dining|5.51|0|Robertson-Rojas|36.121232|-92.02598
3536881013827217|589419928804|7d4db99aefa15e99c7650a172583e728|1670414555|kids_pets|7.26|0|Scott, Mckenzie and Dalton|35.287492|-93.034909
